cover_image,catalog_id,page_id,title,file_count,pages,year,note
UCD_Lehmann_0002.dng,affdd39b-2e6b-4f1a-b605-6dcdd522842d,e738e52e-33dd-4f52-a1be-ac2ef49391c6,Yuletide Vintage of Values 1968 -1969,40,40,1959,
UCD_Lehmann_0043.dng,91a93903-ac6b-4757-9d6a-c2711d2d501e,e6c0c8f8-24bf-408f-ae4e-3b8f055e0512,Annual Summer Sale 1959,28,28,1959,
UCD_Lehmann_0072.dng,7eac7823-6c46-4ed3-bf94-643cc30cece9,6fd65539-366e-43de-ac23-30de1aeaf40b,depuis 1822 Nicolas,22,,,
UCD_Lehmann_0095.dng,0b3a901f-6922-4575-b9b8-261c1a3cd241,f5056730-a835-4cd9-92af-ede7c1b94bac,Christmas Dinner by James Beard,12,,,
UCD_Lehmann_0108.dng,592cec2e-0fcf-43f3-bebf-e1446c19e791,3b53ec34-64ba-4b24-b7aa-751d8a739912,House Beautiful Madeira,4,4,,
UCD_Lehmann_0112.dng,96e9da45-b7ee-453d-998e-96f223f9e34e,ac5f4cc3-1422-4e11-b94c-3df51ff58b25,Plain Facts Liquor and Wine Prices.New York State Nov 1966,4,,,
UCD_Lehmann_0116.dng,513a103b-397e-4ea2-af26-7d1ebfa827d6,6648319d-8bc2-4d37-b3b2-54659059304d,Fall Sale 1959,100,,,
UCD_Lehmann_0149.dng,b230cb26-4f3a-42a6-bfa4-1fd11d8bdf20,d6aa20ca-3ab7-4482-a39d-0c3e4a474265,Season's Greetings from Sherry Wine & Spirits Co 1959,36,,,
UCD_Lehmann_0186.dng,4392186a-4f6d-4980-a6c2-dd17b4536638,e27f773f-1586-4201-b96a-6e980521e67d,Seasons Greetings 1958,88,,,
UCD_Lehmann_0231.dng,7724f481-b963-43f6-b115-20ad75313f24,4aa4fe0b-929e-4045-8845-d605f4748409,Greatest Pre-Summer Sale 1961,24,24,1961,
UCD_Lehmann_0256.dng,a3c3c8d3-b651-4449-99da-46b3f0df63e0,09e32d04-a88d-4c0d-aa6b-ac5179f37fcb,Spring and Summer Sale 1958,8,8,1958,
UCD_Lehmann_0265.dng,a60bb267-fe06-4fae-81db-4da9518b95ab,4ff05bf6-2f92-4f5c-b20f-c6fa6ef74790,Wine and Spirits List 1960,17,,,
UCD_Lehmann_0282.dng,665db252-f7f4-4d28-9528-87ed063fba59,1230f5b5-eca8-4bba-9b8b-81c69f737288,WIne List 1968,17,17,1968,
UCD_Lehmann_0299.dng,b2408313-b588-413d-9fef-af19268eb53b,6cf45b87-a586-480a-a247-6e28eca958bd,Your Own New Year's Party,8,,,
UCD_Lehmann_0308.dng,43255d9f-c4ba-40bd-809d-db1b68a2146f,64515e64-a9b7-4b79-bd84-3e1163a7935f,Wine List 1960's,11,,,
UCD_Lehmann_0319.dng,82aa62f4-e1b5-4be7-a1f6-660773ae6e7f,78b0c41d-b2b4-4328-bdba-027520e8f9df,The Wines of Nicolas are here 1967,1,,,
UCD_Lehmann_0320.dng,402f0c27-9172-45f9-85bf-40db27289a86,b4ae73fa-0bc0-4a44-b694-0d10dbc8cba4,The Basic 6 Case Cellar NY Times 1971 Craig Claiborne,4,4,1971,
UCD_Lehmann_0324.dng,ab9a6834-8e0e-43c8-b21c-de87761c357b,970bd7db-b2c8-417e-b42e-14a5a5475fc0,Report. Present Wine Situation 1962,5,,,
UCD_Lehmann_0329.dng,c130c26a-c60d-4ad8-a780-4d766f04c4a6,8bd7e584-178c-42d4-ae9f-35e9a3bdc191,Advance Offering 1964,5,5,1964,
UCD_Lehmann_0334.dng,d8ce3075-9cce-43c2-86b6-62e4548187d8,b28090be-c215-4b03-9ff5-bf5a8550c5ff,Great Mid Winter Sale 1960's,24,,,
UCD_Lehmann_0358.dng,fafc735c-90b4-4080-8320-139d74413cb5,df4178ef-90d3-49a3-a00c-d9d092171200,Vintage Chart Including 1957,17,17,1957,
UCD_Lehmann_0376.dng,368c3a80-1b69-4a3a-8dc7-83f25d6204df,8c3647b5-08f5-4fc7-8d50-80fbb2e26533,Annual Sale 1976,,24,1976,
UCD_Lehmann_0401.dng,b3eeb224-7cfe-497d-b876-11a8967d5930,467c1781-a7fa-4c6a-bdc6-846028886a9b,Our Annual Money-saving Sale 1974,,16,1974,
UCD_Lehmann_0418.dng,00dd420b-02ee-4ead-aa01-c939f189542f,4520a138-e991-49f6-afac-ab51a7762667,Annual Sale 1974,20,20,1974,
UCD_Lehmann_0438.dng,76cb48fc-0fb3-46a9-8492-21b9e36d3c8c,2c16c74b-926a-4f70-88a1-db5da53d4221,Seasons Greetings 1973,52,,,
UCD_Lehmann_0491.dng,5290168e-fa96-4e23-929a-ede19fb5b54d,86d9018e-f6b8-49d6-8a2f-47d1a5649442,Seasons Greetings 1975,48,,,
UCD_Lehmann_0540.dng,667d4949-b167-438e-b1b4-7e5a3e525bcc,84276afe-d33d-4862-9da0-b3d7ff3e7809,Summer-Fall Sale,,24,,
UCD_Lehmann_0564.dng,0b2720ab-558a-4a09-bb44-a1938da926c9,8f9690e5-6a7d-4c95-8122-4c106335e9d7,Seasons Greetings 1971-1972,68,,,
UCD_Lehmann_0633.dng,08d89f23-8663-4199-9e96-c1011e2b45b6,de80cad9-750c-46ba-834a-5175e8898014,Summer Sale 1973,20,20,1973,
UCD_Lehmann_0654.dng,f9c153ba-90ca-4ee7-aeb3-2553b97b94f0,79f81d84-c514-4247-82ab-24e35147133e,Summer and Early Fall Values 1972,40,40,1972,
UCD_Lehmann_0694.dng,0effd55a-8da9-44ce-93c7-d56cb77103cd,166ce65f-fbe9-4aa3-89f1-5d9b551ded3b,Report. The Great 1969 Red Burgundies,8,,,
UCD_Lehmann_0702.dng,4f02775b-c7dd-4a49-bf2f-4b2c340f2210,b3d922a0-5845-426a-8fe4-0fa8c10d19d8,Annual Sale Pamphlet  Early 1970's,24,,,
UCD_Lehmann_0726.dng,12a1707b-9aaa-420b-93f0-ddd2fd73e8f1,cdcd22a5-751c-44b1-b29a-31ce4b635b4a,Great Pre holiday Sale  Early 1970's,32,,,
UCD_Lehmann_0759.dng,2d962884-e98d-4e12-811f-04c07fa8f929,25184f21-6e12-4a0d-882d-6894348bf2b8,Vintage of Values 1968,16,,,
UCD_Lehmann_0775.dng,d35d64f6-921f-4a5d-97e6-7be24814c10a,6f996e01-13dc-4c20-ae71-5ef354cb6697,"Summer Sale Featuring Art, Wine, and Spirits 1971",40,,,
UCD_Lehmann_0816.dng,8e3a3eb4-0606-42f2-8257-4d952a187c0b,3572e692-a3d9-4dcc-ad46-784bded4d5ce,Seasons Greetings 1972,47,47,1972,
UCD_Lehmann_0864.dng,2c82b3b1-80c8-411a-90fe-da68a850ca7d,aa925ba5-04b1-45e3-bdf6-824ea5cf95a1,Annual Mid Winter Sale 1969,20,20,1969,
UCD_Lehmann_0885.dng,25240478-8a16-4e9a-a6db-b40dfd5c58be,6adc42a7-bfcd-4a74-9585-0e9316bae601,Summer Money Saving Sale 1970,44,,,
UCD_Lehmann_0930.dng,49ac8ae9-1609-4925-8dcb-c6e130cd75fb,7cb99826-ef9c-4cd6-afb3-f37ba2a59bc8,Annual Summer Sale 1969,36,36,1969,
UCD_Lehmann_0967.dng,e7bde0bd-0b54-4045-bffc-173d86139bdd,9f858f65-0445-4232-ad78-727c357f47e0,Money Saving Spring Values 1966,20,,,
UCD_Lehmann_0988.dng,372950cd-cf2b-4737-8274-9ed8c1341065,5a6888b9-9097-4ac2-8916-e0d4ebd9a9cb,Report. Wines of Europe 1970,8,,,
UCD_Lehmann_0996.dng,56e1da63-09c9-46b2-bf6d-718dce8e0e3d,7848fdde-7a37-4a87-bfcf-75dbfa21a32e,Letter: Domaine De La Romanee Conti,1,,,
UCD_Lehmann_0997.dng,d1839f7a-f50f-4908-b5e6-e1ec9ee34f28,51c38399-2c7e-4f98-ab3a-1e4a597fdc78,Report. Sale Items Most in Demand Mar 1970,4,,,
UCD_Lehmann_1001.dng,a0ad4def-eea2-4d04-a35a-54cab78cbd31,c9e6f29f-7c76-4ce8-931e-c900699b0dd2,Report on the Wine Market 1969,6,6,1969,
UCD_Lehmann_1008.dng,61f58316-370c-4171-a493-6650ab40b366,89d5f229-2f60-4bb9-99da-cecb7a89ccd9,Season's Greetings 1977,74,,,
UCD_Lehmann_1051.dng,90544a9e-0f6f-4459-a73e-7b2de814749a,554d13c3-0872-4f3e-b08b-6774fb68807d,Christmas Dinner James Beard 1978,12,12,1978,
UCD_Lehmann_1064.dng,8d39e801-5127-4cee-b8b5-7729a7f25e23,618f219f-6df0-43f2-914f-be2cc85b099b,Spring Values 1964,20,20,1964,
UCD_Lehmann_1085.dng,f5527999-7c60-471f-8cdc-c7fc33b204ba,5ab8b756-916d-494e-9364-a197fd3ad401,Money Saving Sale 1971,36,36,1971,
UCD_Lehmann_1122.dng,d1c7db52-12c3-40b2-9582-869c0cd29b7f,846a9113-bf2b-4bc3-8cda-3fb29f9fb042,Vintage of Values 1970,64,,,
UCD_Lehmann_1187.dng,,,Yuletide Vintage of Values 1968-1969,61,,,Bad one changed
UCD_Lehmann_1228,f2acfa55-ca82-42f1-9b32-41abafd0abae,faa86347-43e5-4133-b314-27af9744586f,Yuletide Vintage of Values 1968-1969,,62,1968,
UCD_Lehmann_1249.dng,2112ea7e-041b-4f73-a075-f4e66932b317,23223a8c-c761-490c-9ab5-9b02f6835589,Great Money Saving Sale 1969,32,32,1969,
UCD_Lehmann_1282.dng,5e1ccd4d-5497-44ae-a2d5-6503e1e0838f,9d5980a4-f0bd-4ee3-b501-7c5e37d37d7e,Seasons Greetings 1975,44,44,1975,
UCD_Lehmann_1327.dng,b69ec2c1-4e5a-4635-b701-2259cba8c052,f60a897d-c173-4b33-b14a-6db95bcff218,Vintage of Values 1973,24,24,1973,
UCD_Lehmann_1352.dng,bb707dae-2fd1-4cb5-be98-f00c5dd58163,79724bc5-69b7-4f4e-9870-2775e5a1c1d2,Seasons Greetings 1978,54,54,1978,
UCD_Lehmann_1407.png,c8084402-27cd-41d0-bd4a-736fcf8c71db,1e02f7b1-6a83-44e0-a990-f814354d5c8a,Season's Greetings (Globe Theater) 1965,,32,1965,
UCD_Lehmann_1440.dng,04226d20-d805-43f7-be80-b2e241b0286a,cee2ff2e-e793-47e7-93f3-b08bc79cbd83,Spring Summer Sale 1976,16,,,
UCD_Lehmann_1457.dng,e5081458-27a1-4b59-b96b-79df57e54c1d,ee745771-c716-4f3c-b221-6dead26002dd,Special Sale Offering 1976,8,,,
UCD_Lehmann_1466.dng,406c9753-f28d-4c7d-a654-25b1c082fff7,eb93fff7-f0b3-4bd7-911f-a85f4ffa2313,Newspaper Ad 1976,6,6,1976,
UCD_Lehmann_1473.dng,32028f75-57af-414b-82aa-f4949132eab1,83bebe39-d9c0-4d92-a4ae-223a8f8c1761,Newspaper Ad 1977,3,3,1977,
UCD_Lehmann_1477.dng,90a107f4-300e-42d2-a80a-d88ebb38bf41,542032f4-8d28-445a-af9a-51330e842559,Great Money Saving Sale 1977,11,,,
UCD_Lehmann_1488.dng,16fe0f70-6d34-45ca-8008-4e56bf7c5e86,ea636b67-915c-449d-9ba7-3b38184ac723,Seasons Greetings 1967 (landscape),32,,,
UCD_Lehmann_1520.dng,f5d8cf59-d950-4161-88b8-f69db35009d9,30b2c839-4b65-4a16-a273-273ff59baf5c,Summer Catalog 1979,27,,,
UCD_Lehmann_1547.dng,538a530d-c42e-44f4-b10f-35300a0e61ff,d3b4bf29-e662-44f0-b784-1fff2a363f29,Values from our Wine Press 1979,25,,,
UCD_Lehmann_1572.dng,c60d3c84-8849-49cc-9df0-9f9c564728d6,92cb3f2d-918b-40d1-9ca9-ec4e63a5e50b,Gift Ideas 1950-1951,12,12,1951,
UCD_Lehmann_1584.dng,fa07c77a-a1ce-4b8d-8b4f-6a12e426db6a,90afbe11-7a93-4d96-b3b2-f677d678a5bd,Fall Winter Catalogue 1949-1950,24,24,1950,
UCD_Lehmann_1608.dng,87ef9ffb-b7e7-4ad3-8b56-6af695c58256,bedf6375-5a0c-4581-9d5a-b945a3ee34e1,Great Money Saving Sale 1976,20,,,NOT used
UCD_Lehmann_1619.dng,5ab9e056-b2db-4af8-80ba-3a3ec982a633,a70e581a-8032-44ed-a128-6d558ec3b325,Great Summer Savings June 1978,,9,1978,
UCD_Lehmann_1629.dng,dc3a49b3-5a34-4e0f-959e-39c6483898ef,9157da6e-f9d9-46ec-9d43-54410d37d552,Great Money Saving Values 1980,13,13,1980,
UCD_Lehmann_1642.dng,6a05ddd4-06d9-49f1-8acc-936eb7c01da9,8cc26588-2904-4e15-992c-9b9f97dcdeb0,Christmas 1952,17,17,1952,
UCD_Lehmann_1659.dng,90f03501-7dc0-4b8c-8ebd-67054668e6ab,4619dedb-281f-4cc0-999b-bb6044c57890,Spring Values 1947,21,,,
UCD_Lehmann_1680.dng,1a0255c4-5bb5-4ac7-a655-1b3499a68b6c,872d5a08-efcb-490d-b4aa-4cdf626d6a99,Fall Winter Catalogue 1950-1951,23,23,1951,
UCD_Lehmann_1703.dng,b5e08f8d-8071-4d60-9948-16203ddc6acb,eb89aa43-f5d9-4e30-973b-07e197badee9,Autumn Leaves from our Cellar Book 9/1958,,16,,
UCD_Lehmann_1719.dng,248dbf43-a25f-422a-94ef-bc92ecb56b07,ce4037cf-c2c3-4891-a180-a1cb98210d34,Summer Wines 1949,6,,,
UCD_Lehmann_1726.dng,df9ead2f-c9eb-4c00-905a-387df8862168,d07913a0-0c40-4256-8df0-a06d926cb14d,Letter Bellows & Company 1947,1,1,1947,
UCD_Lehmann_1727.dng,eb599130-64b4-42bb-91e2-64f10a3d4806,bfc56333-620e-4a49-b55c-ba51a6f9d892,Bellows and Company WIne Catalogue 1947,8,8,1947,
UCD_Lehmann_1735.dng,cdaa08e2-9368-4c22-8e84-920a3e00a8a9,a7abf5ac-c5c6-4532-89e4-3c86c0a8b3e6,Complete Wine and Spirits Listing 1953-1954 and Gift Catalog,42,42,1953,
UCD_Lehmann_1777.dng,129a753e-d6fe-4b3f-a558-dac9e2bf6153,f28cd667-1900-449c-b26e-154eae6cedf5,18th Annual Sale 1951,6,6,1951,
UCD_Lehmann_1783.dng,16186136-8644-433c-8180-5cd8bd68f5d0,251a9c60-750b-41f1-96c6-3f1b1c1a98d4,Vintage Chart 1957,16,16,1957,
UCD_Lehmann_1799.dng,8ab7f0a3-f4a2-45de-a842-164f6a2d6c6b,612d7173-d36c-40d1-b5f5-ec0b14752696,Private Sale 1949-1950,5,5,1950,
UCD_Lehmann_1805.dng,17e4dcbe-41db-4c71-b017-523d62717a26,64cdc483-2ad7-480f-a93f-5b2a86a16ef4,Seasons Greetings  1953,20,,,
UCD_Lehmann_1826.dng,2812d5e1-2a94-41e3-80fb-6629ecadee20,dff307b8-89f0-4f76-ab5d-db07569818ba,Best Pre-Holiday Buys 1949,12,12,1949,
UCD_Lehmann_1839.dng,ce08e3be-f647-44b3-afbb-7051588e0990,97015a76-7c7b-47a6-bec2-e7e7708d998d,For a Merrier Christmas 1949,16,16,1949,
UCD_Lehmann_1856.dng,4a53f98e-c588-4de3-9df7-712fcc4d9e2d,c32b0dd4-19b4-4755-a898-2735033c4892,Notes from our Cellar Book 1954,12,12,1954,
UCD_Lehmann_1869.dng,e28a4408-bd21-483b-85fe-8c8475c6ad9e,7027a988-3524-41e8-8578-308994780aeb,Windfalls from our Cellar Book,24,,,
UCD_Lehmann_1882.dng,7560e7b2-b703-45fb-a0a3-e79c708404bb,66f7a427-67b7-4c38-be0d-884225adb94b,Sale 1954,8,8,1954,
UCD_Lehmann_1891.dng,23b97915-2fe6-4806-8f04-5532ee30776e,6725a201-9e75-4145-bab9-59c98eb917ec,Seasons Greetings 1952,20,20,1952,
UCD_Lehmann_1911.dng,d30d4839-d8bd-4eed-b59d-1d2a5d0c2ab4,e0538bcc-557d-4708-acf6-6dfe33744acb,To A Gay and Festive Summer 1950,22,22,1950,
UCD_Lehmann_1934.dng,bd337e2a-1ea4-4623-ad68-b7ee514d6430,cb450f1c-4de3-4632-bee5-2a1665c95a84,Wine From This Native Soil 1941,15,15,1941,
UCD_Lehmann_1950.dng,1645154d-69bb-4257-bda3-7550dc857ecf,dc29c87a-0fba-416e-af94-566aafb018d4,Seasons Greetings 1955,25,25,1955,
UCD_Lehmann_1976.dng,6d60693c-0ba8-4670-98b9-faf0366dd550,ddfb3201-8b69-4ecd-a5b9-9bf0563537a1,Values 1950,4,4,1950,
UCD_Lehmann_1981.dng,fd32549a-937e-482a-a965-4ad472b0894b,e4a5f837-1bb1-4782-a59b-136fd14a82a1,Sale Moselle and Rhine 1950,6,6,1950,
UCD_Lehmann_1988.dng,70dd3c0e-50e1-4d51-a36c-86bf44c9c07e,6c120597-3dcd-4e61-aa64-c66665ccbead,Rhine and Moselle 1951,4,4,1951,
UCD_Lehmann_1993.dng,56a7c575-8277-4a76-a423-55652df016c2,301f04ea-8044-4c0a-90fe-70e766ac4f66,19 Countries Devaluate 1950,4,4,1950,
UCD_Lehmann_1998.dng,f56c7d5e-f990-48f5-b3fb-dc9c06f847b6,8400407c-a7f8-4b53-a539-74a7787dabe1,Wine Event Frank Schoonmaker 1953,4,4,1953,
UCD_Lehmann_2003.dng,59596559-bb0c-4e9d-8b18-8e1142a4547d,a05cbfa5-7584-47eb-b539-60a9215bc3fe,November Windfalls Sale 1953,6,6,1953,
UCD_Lehmann_2010.dng,df4b4743-e146-4399-97b4-757905fc7ea3,89d6405f-7433-48b6-9d2a-39ba5a1ac28d,Fall Values 1950,8,8,1950,
UCD_Lehmann_2019.dng,1340fba5-db0a-40b3-9e68-3298c4ec2430,2d545acc-5f15-444b-822e-0b23ab734f66,Mid-Summer Sale 1952,4,4,1952,
UCD_Lehmann_2024.dng,d70ea34b-307a-4cbd-b357-05c791fdb18f,94d61fcb-4de6-46fb-82c4-2e176116562a,Spring Summer Sale 1952,8,8,1952,
UCD_Lehmann_2033.dng,feb1e1a9-2a77-4fcb-ba23-7db374ff139e,85fc07c9-0d01-4245-92f4-9322f2e00681,Annual Winter Sale 1952,6,6,1952,
UCD_Lehmann_2039.dng,474069fd-eb31-468c-ae06-7e1ba2d55e8b,69e8976c-e533-4fb4-955a-d51b13777eb6,Rare Opportunity 1948,4,4,1948,
UCD_Lehmann_2044.dng,88d5eb61-607d-4b44-bfbb-e127d266d489,87080539-f198-4989-959e-13019058f995,"NEWS! 16,782 Bottles 1949",4,4,1949,
UCD_Lehmann_2049.dng,072ebbf5-bd48-4f83-ad3e-35295a1cd950,0c9c451f-6276-401c-8105-8926b19d4ba0,Devaluation is Here ! 1948,4,4,1948,
UCD_Lehmann_2054.dng,817dd73b-9b3a-4e80-b44f-08eacb8363be,bec84d52-5a3d-4c3c-b92d-1963d0e93760,Sensational Offering 1949,4,4,1949,
UCD_Lehmann_2059.dng,2298b69d-2529-4627-974e-600f3df82af8,ac053e8b-d1b1-48fa-bf71-9e796431f0b1,Values Newsletter 1950,4,4,1950,
UCD_Lehmann_2064.dng,c0760c7d-7272-400c-b387-ce554350a765,c1ab5e05-62dc-4427-9f0d-539042c73047,Fall Sale 1952,8,8,1952,
UCD_Lehmann_2073.dng,f6898e73-b8a0-4ae4-b325-5545a60fe2d7,462e4b9a-3fa3-4b31-aad3-a38e4b1e36ad,Fall Values 1954,6,6,1954,
UCD_Lehmann_2080.dng,2f1175f8-dc2f-42f4-901e-586a27a51925,2325178b-30c7-455e-b040-aa250a4d08f8,Spring Sale 1953,10,10,1953,
UCD_Lehmann_2091.dng,efb235fa-4e8b-451a-a5b5-a9e529891486,ff720f89-3556-4dba-9640-2f23a362d318,Unique Sale from Bellows and Co 1952,4,4,1952,
UCD_Lehmann_2096.dng,94bf580a-b23f-4913-9baf-b9f9b66daade,395afe1e-ba64-4258-9025-a54165f4e9b6,Historic Announce 1953,3,,,
UCD_Lehmann_2100.dng,da9d2bab-8006-4cac-95ef-86a643430ca9,2603f70f-3434-42a4-89c9-6f101dea77f5,For  Merrier Holiday Season 1950,25,,,
UCD_Lehmann_2125.dng,d1e82ef4-99ae-405c-b6ca-1b19d3b82218,42e9b740-a4df-42ac-ba32-ccbbd6dae22d,Spring Values 1949,21,21,1949,
UCD_Lehmann_2146.dng,d2498579-02ff-463d-98b4-025f5e46b34f,811d9d9e-de54-4da5-9faa-1f3da4a2552c,For a Merrier holiday 1948,17,17,1948,
UCD_Lehmann_2163.dng,069527fb-e3bb-454b-b20a-7645712e7c41,bcf50c13-fcb8-44cf-adde-a688c7d14903,Price Catgalog 1948,19,19,1948,
UCD_Lehmann_2182.dng,e849a847-7d70-460d-863c-73645afe57b2,71627e08-fd41-431d-9a46-7c65eb109fe5,Visit our new home catalog 1948,21,21,1948,
UCD_Lehmann_2203.dng,1df02467-5426-4106-a6e7-b3e4aef6715f,0c71575a-d8e0-4562-bc31-88c70f1af285,To a Gay and Festive Summer 1948,13,13,1948,
UCD_Lehmann_2216.dng,78852c5d-7fa7-4e30-bbda-c4f16d2232cf,de5e4e9c-a7ae-4ed5-a97e-2b25276dccdb,To a Gay and Festive Summer 1949,19,19,1949,
UCD_Lehmann_2235.dng,111721f3-4dac-48a8-9a6e-849b947cac10,22509fca-5d8d-43f0-abf7-1d26f314853b,Spring Summer Sale 1954,15,15,1954,
UCD_Lehmann_2250.dng,b99d0d27-eae2-463e-ad56-1e571a7239f1,d0ac95dd-addc-425e-8148-935005830956,Buy in the Summer and Save 1949,4,4,1949,
UCD_Lehmann_2254.dng,f79675fa-10aa-4cf5-901d-3f59f77daced,c9fd2c36-c562-4aa0-95f2-b6ccc450b0f0,James Beard Reports 1950,4,4,1950,
UCD_Lehmann_2258.dng,10f01a27-d3bb-4ea7-8836-89905e1be6c6,5cf42aa0-87c4-4fd1-a9d8-d94f5d9dbaff,Charette of VIns du Pays 1949,1,1,1949,
UCD_Lehmann_2259.dng,87104d5b-215d-4a4d-ad5e-f7c59d515fdb,9e01706d-f5be-422c-91c5-ffaefa16d731,Letter 1952,1,1,1952,
UCD_Lehmann_2260.dng,c2b6ba55-a231-4d62-a1e5-46e1020da41b,fc18dfae-8f79-4ed2-8cfe-5f3edf77133a,Letter Hotel George Paris 1948,1,1,1948,
UCD_Lehmann_2261.dng,61593f99-fc2f-42cc-8748-5c79ca7a44ae,8c8d9505-1c4f-456b-b7a9-793544160b01,Catalogue of Wines and Spirits 1938,27,27,1938,
UCD_Lehmann_2289.dng,6e51f14c-364d-4be3-ab7c-7f3ab5fbd736,dfde994b-dff8-4fc3-9cb3-6e07d63c7041,Annual Spring Sale 1955,24,24,1955,
UCD_Lehmann_2314.dng,d318bd2f-f725-4f07-99a0-7a46582e69fe,76e9fb7a-1393-41f2-9465-0ec759d1f5bd,Annual Spring Sale 1956,24,24,1956,
UCD_Lehmann_2339.dng,44545a0b-9eac-4445-ac5e-f73c5c987910,2f955b62-18bc-4769-a89b-ae5d88d3ed7b,Autumn Selections  1960,16,,,
UCD_Lehmann_2356.dng,10d6084a-4b0d-4477-a865-14d1eb6c8870,316efb41-aaa2-4a14-bf4f-43b650f0990a,Fall Sale 1960,32,32,1960,
UCD_Lehmann_2388.dng,814bd1f2-a16a-4021-9769-e862756eafc7,11831ae3-b069-4739-9fed-4b1b7beec40a,Fall Sale 1960 insert James Beard interview Frank Schoonmaker,3,3,1960,
UCD_Lehmann_2392.dng,a7d2dcae-730b-4b7d-b8cf-b56f8223d85d,7738fe79-ffe4-457b-80ab-900061df462a,Summer Sale 1960,24,24,1960,
UCD_Lehmann_2417.dng,b40c8d8d-79c8-498b-a35a-1716833e624f,1b18e504-65b7-425f-acaa-51e393908be6,Share Some of our Discoveries 1960,12,12,1960,
UCD_Lehmann_2430.dng,7c12748e-f667-49f4-8a1a-db7daaae5b64,e8670db7-15ca-4d71-bd74-4bcacdff3e2b,WIndfalls from our Cellar Book 1955,12,12,1955,
UCD_Lehmann_2443.dng,cc8e60e2-13e6-4614-84ae-16c4f8aa6e7a,10f0b518-3c77-4718-8c41-1d556322b672,Seasons Greetings 1959,,32,1959,
UCD_Lehmann_2476.dng,49e89674-af44-415b-a6fd-f70d97a880c6,40a03924-d7f7-4efd-b78b-c7b2259cd8ba,Fall Sale 1958,32,32,1958,
UCD_Lehmann_2509.dng,71399a49-f706-4e70-b12f-6774330e6fa6,f494d308-b0f9-4301-8170-cf2bcca4a8a8,Fall Sale 1957,32,32,1957,
UCD_Lehmann_2541.dng,980993d9-b5e9-4e24-8244-d1e852b61469,103d9bc3-8a81-42c7-b0a3-56c049814f38,Letter 1957,1,1,1957,
UCD_Lehmann_2542.dng,b2f28e35-bd7c-4ccd-a8b9-9e160f21e10b,01f0b4ba-5f15-4ee0-a471-4d3fc9628c7e,Sale 1957,8,8,1957,
UCD_Lehmann_2551.dng,09d97dfc-3cd7-451b-af68-83d8260719ea,d7ea48f5-1355-412f-88ac-a20df44bc31e,Fall Values 1956,8,8,1956,
UCD_Lehmann_2559.dng,184aaf0d-cbe1-4906-90fd-40e22b2292eb,c4f7ce4a-dcdc-4a8f-bfdb-725ee893fb6a,Advance Report 1957,3,3,1957,
UCD_Lehmann_2563.dng,22aed99b-8c59-44f4-a346-f0197cfcddc6,84b803e9-d9f0-4da0-905b-53d4009ab912,Autumn Leaves from our Cellar Book 1956,15,15,1956,
UCD_Lehmann_2579.dng,51196122-a5b1-44d9-b416-7658a41e1905,7fce5f8d-54e8-49ac-8fee-1efebe141306,Annual Money Saving Sale 1957,8,8,1957,
UCD_Lehmann_2588.dng,3da9c9ff-bc28-4cc7-b406-a51202ce615e,8cfd6d80-3136-4aca-82a2-6837827f8a40,Share Some of our Discoveries 1957,16,16,1957,
UCD_Lehmann_2605.dng,b3e2820d-e234-4b47-8b53-8053decafc39,b7227ab8-79f8-495f-8fdc-80db2076fd31,Seasons Greetings 1957,40,40,1957,
UCD_Lehmann_2645.dng,8353dea8-f32e-48fc-b3a5-3ba5b6e54586,d355674d-c4cf-405e-81bc-3fd7e8a2c5bd,Seasons Greetings 1957 insert James Beard,4,,,
UCD_Lehmann_2732.dng,8f269235-51c8-40f4-9a53-b1fd549e414c,24a7b5ee-82ab-4a36-a104-6eba2ef578f8,Fortnum & Mason 1957,16,,,
UCD_Lehmann_2749.dng,0b57ae83-c691-4d93-bd47-c18ec78949a1,529970eb-b452-4372-848a-0fb0e6f43dc5,Autumn Leaves from our Cellar Book 1959,16,16,1959,
UCD_Lehmann_2766.dng,0a48a692-951f-4c13-9f29-4436c1e6e21e,06432865-2601-4a0c-a2a6-5258f74885d2,"Spring Summer Sale, Spr 1957",20,,,
UCD_Lehmann_2775.dng,a77a2017-6514-4673-815e-128086b9497e,51ff59e9-9ba8-4a05-a620-a9e93e9bf396,Mid-Summer Opportunity 1956,8,8,1956,
UCD_Lehmann_2784.dng,9f236016-e39b-4802-8d5f-fe95fbfac416,f00dca60-cd51-468d-93b3-545cef0d483f,Windfalls from our Cellar Book Oct 1957,,12,1957,
UCD_Lehmann_2797.dng,7459ffdb-d052-4485-b7fd-87c9acdb3f72,bbf1ddcf-3d7d-458b-8849-04c7eb1ccf17,Autumn Leaves from our Cellar Book 1958,16,16,1958,
UCD_Lehmann_2814.dng,191ea05d-82a3-4166-9145-8e84aee82d71,73d15359-375d-4642-9d4b-ffacce63b9b8,Notable Offerings from our Summer Sale 1957,8,8,1957,
UCD_Lehmann_2823.dng,ab54366c-f65c-4268-96e6-5e6d9b9e7e90,49070345-8b81-46aa-9a48-a66bc765b935,Notable Discoveries from our Cellar Books 1958,8,8,1958,
UCD_Lehmann_2831.dng,1ce81065-0138-41b9-af44-0925c97d6103,4c593aa6-dd02-49ad-b5f8-fd39ae3b9042,Memo 1956,1,1,1956,
UCD_Lehmann_2833.dng,4687bb6f-fa31-4c9c-be60-e712c82f8b3d,9434d4bb-9b1c-4655-b8d2-1336637b54f9,Wines of Germany 1956,8,8,1956,
UCD_Lehmann_2842.dng,8a551bcb-e9d3-46e3-89c1-872118eb447b,902fad05-c359-4b96-b1cc-d21cb4467520,Sale 1960,6,6,1960,
UCD_Lehmann_2849.dng,c7354cbc-4d7c-41e4-aac0-cd1178f760f1,f2def39f-6f97-4fbf-8a4d-9e4a9d2ade4e,"Spring Summer Sale, May 1959",48,,,
UCD_Lehmann_2882.dng,97bc36bb-15dc-4d1b-a389-52ca60afc280,94920a92-0246-4586-8b46-ea35eb0fc414,Spring Summer Sale 1958,32,32,1958,
UCD_Lehmann_2915.dng,e934efd4-b352-4d6e-b2d3-7665d80ebfac,d219dae2-1338-4c98-b1db-c1a4fdc26700,Summer Sale 1958,16,16,1958,
UCD_Lehmann_2932.dng,6382aaab-368c-42b7-a977-733e24e558b0,c1abda46-baf3-44bf-9aa3-efc5e4d34b6c,"Spring Summer Sale, July 1959",,16,1959,
UCD_Lehmann_2949.dng,f7dcac0a-36c0-4dac-9b1c-b191f24e7601,fa7b0ce4-e121-49c9-9681-75f113c7cb57,Seasons Greetings 1956,29,29,1956,
UCD_Lehmann_2979.dng,0e19adb8-e39c-4d9c-b09c-3a154c501847,75185f8b-60c1-49b6-8c15-5432990c8cde,"Spring Summer Sale, June 1957",,12,1957,
UCD_Lehmann_2992.dng,7e11ce97-2e87-462f-aac3-8f14c66cdeb2,fa579bb4-7890-463c-95d3-07fd94f02ed6,Mid Winter Sale 1960,12,12,1960,
UCD_Lehmann_3005.dng,6e46c3fb-0c1e-4f04-a080-39cb8e5ac383,88ce056d-e868-46c9-908b-a6115d9e56bc,Mid Winter Sale 1958,12,12,1958,
UCD_Lehmann_3018.dng,dfbc2c05-96b8-4461-b27a-a9694c3f2e79,00e0c9a8-33cb-49f7-8f53-2cfc2f6e3025,Fortnum & Mason 1958,5,5,1958,
UCD_Lehmann_3023.dng,fd5567ef-3452-4055-98d6-310bda040f70,25980cc9-f108-420b-9663-3a5f61520365,Historic Madeira 1958,2,2,1958,
UCD_Lehmann_3026.dng,ba2b0aa9-7c0f-40dc-b7ce-c9374473f299,51bcff83-e53c-41b4-b0f6-177480a72b24,Pre-Holiday Report 1958,4,4,1958,
UCD_Lehmann_3031.dng,5485ef05-a417-4d92-88e4-c2735379625b,6bdc63f4-10b8-42d2-8e6a-12e817d683e9,Annual Money Saving Sale 1961,12,12,1961,
UCD_Lehmann_3044.dng,5ceb2b09-bee6-4312-8286-6742958e3475,8ebb2cc6-4f71-48a0-8f60-360f4f854549,Great Money Saving Sale March 1962,38,38,1962,
UCD_Lehmann_3083.dng,deecb877-b3a9-4d50-8806-b18471f63182,8540cf54-d8cb-403b-bb48-f83935a6b4ef,Summer Sale May 1962,24,24,1962,
UCD_Lehmann_3108.dng,bfc28558-ee9d-4104-aece-6fc4456b1611,a6693b07-0dcb-47a3-a8d6-1b832223f16b,Summer Sale August 1962,24,24,1962,
UCD_Lehmann_3133.dng,dbbce478-97b5-4163-99dd-cf9c48e0c5a1,acc133ea-846c-4ec7-ad36-8c4a9f02de7a,Notable Discoveries from our Cellar Book October 1962,16,16,1962,
UCD_Lehmann_3150.dng,bcbd4c72-7a33-4b03-acdb-ae5c61a3f9d0,4f735b4f-5756-432e-a7ed-660089b92f9d,PreSummer Sale May 1963,24,24,1963,
UCD_Lehmann_3175.dng,cf28c063-1a85-43e7-a03c-0e87b205cee9,c0493880-71e1-4bd1-b47e-734b414e7e45,Fall Sale October 1963,24,,,
UCD_Lehmann_3200.dng,4d618c42-4767-48b5-ac58-bfb8d4a70d8d,4dfb086b-4d6b-4b13-b9c4-bad9500586d9,Vintages of Values Fewbruary 1964,24,24,1964,
UCD_Lehmann_3225.dng,3469572e-ca79-4f2a-8490-608b1379b798,75d01714-c3fb-49e1-8ab8-955cfab0ba29,Great Summer Sale 1964,24,24,1964,
UCD_Lehmann_3250.dng,dce5658d-a4a0-4d0a-b4a8-14f71a2a5336,72b93e25-f278-4091-a50c-df7781d21873,Pre Holiday Sale November 1964,28,28,1964,
UCD_Lehmann_3279.dng,d4b38ca8-bf7a-41e5-aefd-90ca43ee6c6e,55c36cf9-a6ca-45d7-ac25-f049d45d05d5,Seasons Greetings Dec 1963,44,44,1963,
UCD_Lehmann_3324.dng,b60820b1-bd2f-4c80-a3cb-6bdbba7f3534,f94e64f3-555f-4ff2-92d6-731c6e68eb42,Seasons Greetings Dec 1964,32,32,1964,
UCD_Lehmann_3357.dng,cd984c47-8992-40b0-86b8-c0641393d61b,2b7f13ff-5f87-46b4-b578-f6e013364270,Summer Sale 1965,32,32,1965,
UCD_Lehmann_3390.dng,04dd3dfd-a6ca-43fb-a24d-e152d85ab0cf,a2a50b7f-f978-417a-bc1c-9c8d81654259,Money Saving Values April 1965,8,8,1965,
UCD_Lehmann_3401.dng,f1672d13-807a-417e-80e1-447e560f3a90,23c5a3a5-f1b0-4965-bef3-54b7f26aa4f2,Money Saving Spring Values April 1966,20,20,1966,
UCD_Lehmann_3422.dng,2f316549-b04a-4aa5-b257-22b89b40a8d0,4193c1fa-5473-409c-b263-c7edfa3706bb,Pre Holiday Sale 1966,24,24,1966,
UCD_Lehmann_3447.dng,0c26d4c0-b398-43ea-abc3-0eef7aa0e918,65a6149e-a28d-415d-86f7-290c4eb859f3,Christmas Dinner 1967 in honor of James Beard,11,11,1967,
UCD_Lehmann_3459.dng,d3e5204d-7e63-4d32-8911-ccb2ad36d3e2,4878c4ad-ef3e-419d-b08d-e61561392b18,Summer Sale 1968,28,28,1968,
UCD_Lehmann_3488.dng,b64bda6a-04e5-4fef-9343-9c43ab843bca,1d7ae3e4-e613-4a84-9182-ce0ba4bfb620,depuis 1822 Nicholas 1968,22,,,
UCD_Lehmann_3511.dng,985562f5-cfbb-4a9d-bcb4-d73706f4dc92,6e767072-3f38-4857-9748-5145515f4f4e,Yuletide Vintage of Values 1968,40,40,1968,
UCD_Lehmann_3552.dng,313fc457-eb6b-4b32-b9b9-bbe8eb2d4c15,dbd8cda0-8669-494a-ab43-a7069e064629,Great Money Saving Sale February 1969,32,32,1969,
UCD_Lehmann_3585.dng,6013f238-d01e-493b-b904-8ff38caa4598,31f137fb-94f3-45d0-afb0-664fad5e38f0,Seasons Greetings 1967,64,,,
UCD_Lehmann_3650.dng,dbea28ce-c20b-43ca-aabc-3ebd9c770486,58a593f8-b9ac-4df2-8a6d-b6e6930d3cba,Wine List December 1967,20,20,1967,
UCD_Lehmann_3671.dng,9b56637d-9374-4e00-b6a0-9561661864b3,ab1dab79-d2ef-4a66-a33a-c2f2a5af79f1,The Flavor of France November 1961,40,40,1961,
UCD_Lehmann_3713.dng,7f2a03ce-ff8c-4453-8935-1e952a7baf9d,d031ebe4-e8f2-4008-b5d9-8620c172f418,Vintage of Values March 1968,17,,,
UCD_Lehmann_3730.dng,53db3e46-9d49-4037-8046-29b626865198,8096cf07-3d1d-4738-9068-2b372b047a9b,Advance Offering of 1964 Wines  June 1965,12,,,
UCD_Lehmann_3743.dng,404f9b1a-6ed6-40ed-a85d-934363533a3f,54fdb98e-a5fe-44f7-be98-b825e7d425a8,House and Garden November 1965 Merger Announcement,4,4,1965,
UCD_Lehmann_3748.dng,3d1f7a56-7e91-48ed-9b18-b4bd327e96cc,d44c9891-f9c4-4f77-ba2f-228e8f6f287e,Start Saving Now September 1964,8,8,1964,
UCD_Lehmann_3757.dng,26e4482e-d06a-4617-9b51-94efdd7636f9,afe4df3a-208f-46fa-8217-16bee00eb2ef,Great Mid Winter Sale 1967,12,12,1967,
UCD_Lehmann_3770.dng,6313c5ca-fff4-4565-9ea7-e7f85f07a1e4,6f266292-be38-4bfc-aacf-2c5db5ff2bc6,Great Mid Winter Sale March 1967,12,12,1967,
UCD_Lehmann_3783.dng,a1f5cc05-fcbb-42f8-b255-3c05163d318a,233ab4f7-a5e2-4e96-98d3-6425e1cf0024,Sale February 1963,12,12,1963,
UCD_Lehmann_3796.dng,e75d7638-f3bb-4445-ab91-0159dfea0432,4f4ff96d-25e0-4265-9457-b894380b882a,Wall Street Journal December 1968,4,4,1968,
UCD_Lehmann_3801.dng,8d034005-287b-4bf0-8443-675c56f12745,e1f283ac-eff5-4682-a469-03a2bd460669,Newsletter. Price list 1967,6,,,
UCD_Lehmann_3808.dng,8b18927d-e383-4fa1-971e-7c17ef1b1453,53e45d30-b7ad-42f2-bdca-669bc1203b4e,Exciting Wine News from Burgundy 1961,4,4,1961,
UCD_Lehmann_3813.dng,c1307815-fcd3-4f1b-92b8-f1c31eda50dc,49aed4ee-6392-4744-a8ca-edac130e7ef8,Annual Summer Sale June 1969,32,32,1969,
UCD_Lehmann_3891.dng,97ff2ce4-a6ba-4618-a9ae-4cb38795be8c,2e3f4ada-c314-4928-abdd-970ce4efcd7b,Greatest WIne Sale August 1981,32,32,1981,
UCD_Lehmann_3924.dng,051ef41d-faed-4acd-9393-8e22f99644c2,93854453-348c-4f8c-ab42-992bbdd16262,Epoch Making WIne News Summer 1969,4,4,1969,
UCD_Lehmann_3929.dng,a9583325-99f1-497f-8d3a-ce1273960177,2bca5adb-5091-495b-859a-abf5e3c4974d,Summer Wine Sale 1988,40,40,1988,
UCD_Lehmann_3970.dng,7e87c9ad-f19c-4990-a84d-bcff6a389587,603de35a-af19-4a68-92d0-6e3ea2616d02,WIne List 1970,32,32,1970,
UCD_Lehmann_4003.dng,ee3c56e0-8d66-486f-a96f-3c183de02479,fc2934fe-8de1-40dc-b376-950394122664,Christmas Catalog 1969,58,,,In New version
UCD_Lehmann_4062.dng,88f27d2b-60bf-4ff9-8b9b-0893c719eaf0,f0d3688f-cff1-49fc-8c7c-babf6744e719,Autumn Values from our WIne Press 1980,48,48,1980,
UCD_Lehmann_4111.dng,cb62bb9b-4d7d-42aa-a311-fed2b7ac654a,f16f4e56-7ba4-46a3-833e-8f5b5c296167,News April 1969,1,1,1969,
